data_godzina, temperatura[st.C], przewodnosc[ÂµS/cm], pH, tlen_rozpuszczony[mg/l]
"2024-04-29 15:00:18",17.13,6254.0,7.8599997,5.58
"2024-04-29 16:00:18",17.199999,6354.0,7.8199997,4.52
"2024-04-29 17:00:17",17.23,6462.0,7.8099995,4.22
"2024-04-29 18:00:16",17.199999,6557.0,7.7799997,3.6899996
"2024-04-29 19:00:17",17.349998,6689.0,7.74,3.3199997
"2024-04-29 20:00:19",17.4,6967.0,7.7299995,3.08
"2024-04-29 21:00:18",17.4,7178.0,7.7199993,3.0699997
"2024-04-29 22:00:16",17.39,7348.0,7.7199993,2.87
"2024-04-30 01:00:17",17.099998,7558.0,7.799999,5.0899997
"2024-04-30 02:00:15",16.99,7509.0,7.8099995,4.45
"2024-04-30 03:00:15",16.98,7494.0,7.8199997,4.79
"2024-04-30 04:00:19",17.05,7453.0,7.8199997,4.81
"2024-04-30 05:00:15",17.14,7424.0,7.8099995,4.91
"2024-04-30 06:00:14",17.22,7509.0,7.75,3.1799998
"2024-04-30 07:00:15",17.3,7644.0,7.7599993,2.6599998
"2024-04-30 08:00:17",17.41,7628.0,7.7799997,4.7099996
"2024-04-30 09:00:15",17.63,7474.0,7.8099995,5.0499997
"2024-04-30 10:00:16",17.83,7368.0,7.8099995,4.5499997
"2024-04-30 11:00:14",18.22,7279.0,7.879999,5.629999
"2024-04-30 12:00:17",18.72,6951.0,7.8999996,6.3499994
"2024-04-30 13:00:17",18.97,6600.0,7.91,6.7599993
"2024-04-30 14:00:14",19.189999,6597.0,7.879999,5.7799997
"2024-04-30 15:00:17",19.31,6724.0,7.83,4.66
"2024-04-30 16:00:15",19.24,6911.0,7.799999,4.27
"2024-04-30 17:00:13",19.169998,7039.0,7.7699995,3.75
"2024-04-30 18:00:17",19.16,7206.0,7.74,3.4799995
"2024-04-30 19:00:14",19.14,7464.0,7.709999,2.9899998
"2024-04-30 20:00:15",19.119999,7661.0,7.709999,2.8999996
"2024-04-30 21:00:14",19.099998,7758.0,7.7199993,2.7199998
"2024-04-30 22:00:15",19.14,7670.0,7.7599993,4.16
"2024-04-30 23:00:13",19.029999,7393.0,7.7799997,4.18
"2024-05-01 00:00:15",18.8,7111.0,7.79,4.0499997
"2024-05-01 01:00:14",18.55,7061.0,7.7599993,4.0099998
"2024-05-01 02:00:15",18.33,7192.0,7.7599993,3.54
"2024-05-01 03:00:15",18.259998,7382.0,7.7799997,3.31
"2024-05-01 04:00:14",18.24,7409.0,7.7799997,2.53
"2024-05-01 05:00:13",18.269999,7250.0,7.8199997,3.79
"2024-05-01 06:00:12",18.259998,7071.0,7.799999,3.4099998
"2024-05-01 07:00:14",18.259998,7083.0,7.7599993,3.0299997
"2024-05-01 08:00:12",18.339998,7240.0,7.75,2.3899999
"2024-05-01 09:00:13",18.429998,7487.0,7.74,2.1899998
"2024-05-01 10:00:13",18.56,7747.0,7.7599993,2.62
"2024-05-01 11:00:12",18.96,7529.0,7.839999,4.31
"2024-05-01 12:00:12",19.32,6974.0,7.8899994,5.6799994
"2024-05-01 13:00:12",19.65,6722.0,7.879999,5.6899996
"2024-05-01 14:00:12",19.89,6739.0,7.8899994,5.08
"2024-05-01 15:00:11",19.919998,6862.0,7.8499994,4.83
"2024-05-01 16:00:13",19.859999,7139.0,7.8199997,4.74
"2024-05-01 17:00:26",19.73,7426.0,7.799999,4.1699996
"2024-05-01 18:00:12",19.49,7803.0,7.7699995,4.27
"2024-05-01 19:00:12",19.4,8040.0,7.7599993,4.0299997
"2024-05-01 20:00:11",19.289999,8181.0,7.75,3.1699996
"2024-05-01 21:00:11",19.289999,8238.0,7.74,3.1099997
"2024-05-01 22:00:11",19.31,8243.0,7.74,2.81
"2024-05-01 23:00:18",19.169998,8265.0,7.74,3.06
"2024-05-02 00:00:14",18.949999,8189.0,7.7599993,3.6799998
"2024-05-02 01:00:12",18.63,7999.0,7.7799997,3.7199998
"2024-05-02 02:00:11",18.38,7951.0,7.799999,3.8199997
"2024-05-02 03:00:10",18.269999,7892.0,7.83,3.4499998
"2024-05-02 04:00:11",18.259998,7809.0,7.8499994,3.56
"2024-05-02 05:00:10",18.289999,7495.0,7.8599997,3.8399997
"2024-05-02 06:00:11",18.289999,7192.0,7.8499994,3.58
"2024-05-02 07:00:13",18.31,7027.0,7.8499994,3.33
"2024-05-02 08:00:12",18.359999,7045.0,7.8199997,2.8999996
"2024-05-02 09:00:16",18.449999,7209.0,7.79,2.7399998
"2024-05-02 10:00:09",18.539999,7491.0,7.7699995,2.8799996
"2024-05-02 11:00:10",18.759998,7813.0,7.7799997,3.33
"2024-05-02 12:00:09",19.169998,7918.0,7.83,3.4899998
"2024-05-02 13:00:11",19.619999,7586.0,7.9299994,5.79
"2024-05-02 14:00:10",19.75,7229.0,7.91,5.6499996
"2024-05-02 15:00:11",19.839998,7205.0,7.87,5.0499997
"2024-05-02 16:00:09",19.82,7265.0,7.8199997,4.2599998
"2024-05-02 17:00:12",19.66,7400.0,7.799999,3.8599997
"2024-05-02 18:00:10",19.46,7560.0,7.75,3.52
"2024-05-02 19:00:09",19.279999,7880.0,7.7299995,3.8799996
"2024-05-02 20:00:10",19.199999,8216.0,7.7199993,3.2299995
"2024-05-02 21:00:10",19.179998,8440.0,7.7,3.0699997
"2024-05-02 22:00:09",19.199999,8562.0,7.709999,2.7599998
"2024-05-02 23:00:08",19.169998,8698.0,7.7299995,2.8999996
"2024-05-03 00:00:08",19.05,8765.0,7.75,2.83
"2024-05-03 01:00:10",18.779999,8523.0,7.7799997,3.7099996
"2024-05-03 02:00:08",18.48,8069.0,7.8099995,3.77
"2024-05-03 03:00:09",18.339998,7890.0,7.8199997,3.81
"2024-05-03 04:00:09",18.31,7955.0,7.8099995,2.9299998
"2024-05-03 05:00:08",18.339998,8093.0,7.83,2.7399998
"2024-05-03 06:00:08",18.369999,8016.0,7.8199997,3.3999996
"2024-05-03 07:00:09",18.46,7896.0,7.8499994,3.31
"2024-05-03 08:00:17",18.49,7828.0,7.83,3.0899997
"2024-05-03 09:00:28",18.599998,7969.0,7.79,2.6899996
"2024-05-03 10:00:28",18.779999,8143.0,7.79,2.58
"2024-05-03 11:00:28",19.14,8200.0,7.83,4.0
"2024-05-03 12:00:28",19.509998,8109.0,7.87,4.79
"2024-05-03 13:00:28",19.849998,7648.0,7.91,5.9399996
"2024-05-03 14:00:28",20.06,7208.0,7.919999,6.33
"2024-05-03 15:00:28",20.109999,7138.0,7.8899994,5.839999
"2024-05-03 16:00:28",20.13,7190.0,7.879999,5.0299997
"2024-05-03 17:00:28",20.179998,7237.0,7.839999,4.3799996
"2024-05-03 18:00:28",19.97,7249.0,7.8199997,4.45
"2024-05-03 19:00:28",19.83,7226.0,7.8099995,4.47
"2024-05-03 20:00:28",19.74,7186.0,7.799999,4.31
"2024-05-03 21:00:28",19.72,7152.0,7.79,3.6499996
"2024-05-03 22:00:28",19.679998,7168.0,7.79,3.83
"2024-05-03 23:00:28",19.599998,7209.0,7.7799997,3.1999998
"2024-05-04 00:00:28",19.4,7306.0,7.79,3.33
"2024-05-04 01:00:28",19.169998,7233.0,7.8199997,4.0
"2024-05-04 02:00:28",18.939999,7068.0,7.839999,4.27
"2024-05-04 03:00:28",18.789999,7017.0,7.8499994,4.0699997
"2024-05-04 04:00:28",18.72,7014.0,7.8599997,3.6799998
"2024-05-04 05:00:28",18.699999,6962.0,7.8899994,3.3199997
"2024-05-04 06:00:28",18.699999,6844.0,7.8999996,3.6299996
"2024-05-04 07:00:28",18.71,6878.0,7.8499994,3.27
"2024-05-04 08:00:28",18.75,7166.0,7.8499994,3.1099997
"2024-05-04 09:00:28",18.83,7522.0,7.83,3.35
"2024-05-04 10:00:28",18.929998,7871.0,7.83,3.5
"2024-05-04 11:00:28",19.109999,8260.0,7.83,4.18
"2024-05-04 12:00:28",19.5,8527.0,7.87,4.12
"2024-05-04 13:00:28",20.089998,8390.0,7.95,6.6799994
"2024-05-04 14:00:28",20.269999,7890.0,7.959999,6.91
"2024-05-04 15:00:28",20.359999,7598.0,7.9399996,6.5199995
"2024-05-04 16:00:28",20.259998,7578.0,7.8999996,5.7699995
"2024-05-04 17:00:28",20.189999,7611.0,7.87,4.99
"2024-05-04 18:00:28",20.039999,7653.0,7.83,4.4199996
"2024-05-04 19:00:28",19.82,7768.0,7.8099995,4.0299997
"2024-05-04 20:00:28",19.75,7851.0,7.7799997,4.0899997
"2024-05-04 21:00:28",19.599998,7970.0,7.7599993,4.0299997
"2024-05-04 22:00:28",19.439999,8317.0,7.7599993,3.9499998
"2024-05-04 23:00:28",19.31,8839.0,7.7599993,3.85
"2024-05-05 00:00:28",19.14,9231.0,7.7599993,3.9299998
"2024-05-05 01:00:28",18.919998,9466.0,7.7699995,3.6999998
"2024-05-05 02:00:28",18.63,9465.0,7.8099995,4.3599997
"2024-05-05 03:00:28",18.48,9215.0,7.8499994,4.3599997
"2024-05-05 04:00:28",18.369999,8833.0,7.87,4.43
"2024-05-05 05:00:28",18.31,8536.0,7.8899994,4.37
"2024-05-05 06:00:28",18.279999,8251.0,7.879999,4.3999996
"2024-05-05 07:00:28",18.269999,8123.0,7.87,4.1299996
"2024-05-05 09:00:28",18.4,8264.0,7.8099995,3.1799998
"2024-05-05 10:00:28",18.5,8394.0,7.8099995,3.06
"2024-05-05 11:00:28",18.689999,8486.0,7.839999,3.6599998
"2024-05-05 12:00:28",19.08,8539.0,7.8999996,4.06
"2024-05-05 13:00:28",19.57,8544.0,7.95,6.7699995
"2024-05-05 14:00:28",19.96,7986.0,8.0,7.5099993
"2024-05-05 15:00:28",20.0,7509.0,7.9799995,7.169999
"2024-05-05 16:00:28",19.929998,7135.0,7.95,6.339999
"2024-05-05 17:00:28",19.789999,7019.0,7.919999,5.74
"2024-05-05 18:00:28",19.609999,6979.0,7.879999,5.45
"2024-05-05 19:00:28",19.46,7043.0,7.839999,4.93
"2024-05-05 20:00:28",19.4,7110.0,7.8099995,4.2099996
"2024-05-05 21:00:28",19.289999,7292.0,7.79,4.0699997
"2024-05-05 22:00:28",19.199999,7476.0,7.7699995,3.6699996
"2024-05-05 23:00:28",19.14,7823.0,7.7599993,3.4799995
"2024-05-06 00:00:28",19.039999,8490.0,7.75,3.9399996
"2024-05-06 01:00:28",18.91,8919.0,7.75,3.8399997
"2024-05-06 02:00:28",18.789999,9176.0,7.7599993,3.9399996
"2024-05-06 03:00:28",18.679998,9261.0,7.7699995,3.9199996
"2024-05-06 04:00:28",18.589998,9199.0,7.799999,3.8899999
"2024-05-06 05:00:28",18.539999,8977.0,7.8599997,4.12
"2024-05-06 06:00:28",18.48,8565.0,7.87,3.9899998
"2024-05-06 07:00:28",18.449999,8443.0,7.839999,3.81
"2024-05-06 08:00:28",18.48,8518.0,7.799999,3.4599996
"2024-05-06 09:00:28",18.56,8674.0,7.799999,3.0099998
"2024-05-06 10:00:28",18.65,8840.0,7.8099995,3.4799995
"2024-05-06 11:00:28",18.91,8644.0,7.8999996,5.3499994
"2024-05-06 13:00:28",19.349998,8027.0,7.919999,5.169999
"2024-05-06 14:00:28",19.71,7724.0,7.9299994,6.08
"2024-05-06 15:00:28",19.699999,7414.0,7.9299994,5.6799994
"2024-05-06 16:00:28",19.689999,7265.0,7.919999,5.339999
"2024-05-06 17:00:28",19.75,7266.0,7.8999996,5.0299997
"2024-05-06 18:00:28",19.71,7300.0,7.8499994,4.37
"2024-05-06 19:00:28",19.589998,7392.0,7.8099995,4.0299997
"2024-05-06 20:00:28",19.509998,7695.0,7.79,3.5899997
"2024-05-06 21:00:28",19.56,8148.0,7.7799997,3.4899998
"2024-05-06 22:00:28",19.599998,8351.0,7.799999,3.3399997
"2024-05-06 23:00:28",19.57,8586.0,7.8099995,3.31
"2024-05-07 00:00:28",19.38,8744.0,7.8199997,3.4599996
"2024-05-07 01:00:28",19.07,8736.0,7.8599997,4.0899997
"2024-05-07 02:00:28",19.029999,8666.0,7.8999996,4.8999996
"2024-05-07 03:00:28",18.89,8092.0,7.9399996,5.2299995
"2024-05-07 04:00:28",18.71,7611.0,7.9399996,5.1
"2024-05-07 05:00:28",18.669998,7579.0,7.91,4.2299995
"2024-05-07 06:00:28",18.369999,7267.0,7.8899994,4.79
"2024-05-07 07:00:28",17.89,6300.0,7.83,4.5299997
"2024-05-07 08:00:28",17.89,5529.0,7.8199997,5.1499996
"2024-05-07 09:00:28",17.919998,5289.0,7.79,4.7299995
"2024-05-07 10:00:28",18.189999,5306.0,7.74,3.8899999
"2024-05-07 11:00:28",18.21,5161.0,7.7599993,3.9799995
"2024-05-07 12:00:28",18.109999,5055.0,7.75,4.0
"2024-05-07 13:00:28",18.22,5291.0,7.6899996,3.54
"2024-05-07 14:00:28",18.269999,5464.0,7.669999,3.3199997
"2024-05-07 15:00:28",18.3,5675.0,7.6499996,3.2299995
"2024-05-07 16:00:28",18.339998,5734.0,7.66,4.1499996
"2024-05-07 17:00:28",18.38,5914.0,7.6399994,3.8399997
"2024-05-07 18:00:28",18.509998,6228.0,7.66,3.87
"2024-05-07 19:00:28",18.619999,6656.0,7.6899996,3.9899998
"2024-05-07 20:00:28",18.64,7043.0,7.7199993,3.9299998
"2024-05-07 21:00:28",18.529999,7039.0,7.799999,5.1
"2024-05-07 22:00:28",18.369999,6834.0,7.8199997,5.2799997
"2024-05-07 23:00:28",18.189999,6465.0,7.83,5.1399994
"2024-05-08 00:00:28",18.06,6215.0,7.79,5.0899997
"2024-05-08 01:00:28",17.97,6006.0,7.7799997,4.64
"2024-05-08 02:00:28",17.89,5933.0,7.7699995,4.5
"2024-05-08 03:00:28",17.789999,5865.0,7.7599993,3.87
"2024-05-08 04:00:28",17.63,5629.0,7.7799997,4.1499996
"2024-05-08 05:00:28",17.519999,5585.0,7.74,3.9499998
"2024-05-08 06:00:28",17.41,5616.0,7.6799994,3.33
"2024-05-08 07:00:28",17.32,5643.0,7.6499996,2.7399998
"2024-05-08 08:00:28",17.3,5775.0,7.629999,2.29
"2024-05-08 09:00:28",17.33,5979.0,7.6399994,3.1899996
"2024-05-08 10:00:28",17.349998,6126.0,7.66,2.8799996
"2024-05-08 11:00:28",17.57,6174.0,7.6799994,3.2599998
"2024-05-08 12:00:28",17.75,6176.0,7.8099995,3.9899998
"2024-05-08 13:00:28",17.859999,6043.0,7.83,5.54
"2024-05-08 14:00:28",18.019999,6134.0,7.7699995,5.5199995
"2024-05-08 15:00:28",18.089998,6365.0,7.75,4.87
"2024-05-08 16:00:28",18.07,6507.0,7.79,5.3199997
"2024-05-08 17:00:28",18.029999,6545.0,7.74,4.68
"2024-05-08 18:00:28",17.96,6623.0,7.7,3.7199998
"2024-05-08 19:00:28",17.88,6681.0,7.7,3.79
"2024-05-08 20:00:28",17.75,6688.0,7.7599993,4.47
"2024-05-08 21:00:28",17.689999,6688.0,7.7199993,4.7099996
"2024-05-08 22:00:28",17.58,6736.0,7.7199993,4.18
"2024-05-08 23:00:28",17.369999,6787.0,7.75,4.25
"2024-05-09 00:00:28",17.15,6787.0,7.7799997,5.0499997
"2024-05-09 01:00:28",16.919998,6784.0,7.79,5.0299997
"2024-05-09 02:00:28",16.71,6798.0,7.799999,4.8799996
"2024-05-09 03:00:28",16.599998,6781.0,7.799999,4.47
"2024-05-09 04:00:28",16.519999,6720.0,7.8599997,4.64
"2024-05-09 05:00:28",16.509998,6583.0,7.8599997,4.2
"2024-05-09 06:00:28",16.49,6587.0,7.799999,4.56
"2024-05-09 07:00:28",16.509998,6691.0,7.7799997,3.1
"2024-05-09 08:00:28",16.589998,6898.0,7.7599993,2.87
"2024-05-09 09:00:28",16.73,7131.0,7.7699995,2.8199997
"2024-05-09 11:00:28",17.259998,7213.0,7.879999,2.75
"2024-05-09 12:00:28",17.619999,7031.0,7.95,6.5199995
"2024-05-09 13:00:28",17.91,6902.0,7.9399996,5.6499996
"2024-05-09 14:00:28",18.07,6881.0,7.8899994,4.9399996
"2024-05-09 15:00:28",18.23,6891.0,7.8499994,5.4399996
"2024-05-09 16:00:28",18.31,6966.0,7.839999,3.7599998
"2024-05-09 17:00:28",18.289999,7117.0,7.8199997,3.58
"2024-05-09 18:00:28",18.189999,7209.0,7.799999,3.3199997
"2024-05-09 19:00:28",18.13,7236.0,7.7699995,3.1699996
"2024-05-09 20:00:28",18.08,7316.0,7.75,3.37
"2024-05-09 21:00:28",18.009998,7417.0,7.7199993,3.1799998
"2024-05-09 22:00:28",17.859999,7495.0,7.7199993,2.8599997
"2024-05-09 23:00:28",17.669998,7495.0,7.75,3.8999996
"2024-05-10 00:00:28",17.41,7435.0,7.799999,4.7299995
"2024-05-10 01:00:28",17.169998,7437.0,7.7799997,4.24
"2024-05-10 02:00:28",16.919998,7268.0,7.8599997,4.7799997
"2024-05-10 03:00:28",16.779999,7006.0,7.879999,5.02
"2024-05-10 04:00:28",16.72,6892.0,7.879999,3.8999996
"2024-05-10 05:00:28",16.679998,6885.0,7.8499994,3.7199998
"2024-05-10 06:00:28",16.679998,6860.0,7.8599997,3.83
"2024-05-10 07:00:28",16.64,6859.0,7.79,3.4499998
"2024-05-10 08:00:28",16.65,6778.0,7.7799997,3.1399999
"2024-05-10 09:00:28",16.699999,6820.0,7.7199993,2.25
"2024-05-10 10:00:28",16.81,7050.0,7.7199993,1.8999999
"2024-05-10 11:00:28",17.039999,7370.0,7.7299995,2.27
"2024-05-10 12:00:28",17.369999,7549.0,7.75,2.5
"2024-05-10 13:00:28",17.56,7496.0,7.83,3.7099996
"2024-05-10 14:00:28",17.63,7162.0,7.8599997,4.3199997
"2024-05-10 15:00:28",17.74,6981.0,7.83,4.27
"2024-05-10 16:00:28",17.81,6976.0,7.7699995,4.5099998
"2024-05-10 17:00:28",17.81,7025.0,7.7599993,3.7099996
"2024-05-10 18:00:28",17.8,7171.0,7.7199993,3.1999998
"2024-05-10 19:00:28",17.81,7383.0,7.7299995,3.12
"2024-05-10 20:00:28",17.759998,7529.0,7.7,3.3899999
"2024-05-10 21:00:28",17.609999,7569.0,7.6899996,3.2099996
"2024-05-10 22:00:28",17.5,7666.0,7.669999,3.1599998
"2024-05-10 23:00:28",17.3,7768.0,7.6799994,2.9599996
"2024-05-11 00:00:28",17.05,7682.0,7.7699995,4.7
"2024-05-11 01:00:28",16.88,7575.0,7.7699995,4.45
"2024-05-11 02:00:28",16.789999,7588.0,7.74,3.7799997
"2024-05-11 03:00:28",16.74,7526.0,7.839999,4.22
"2024-05-11 04:00:28",16.679998,7330.0,7.83,4.2299995
"2024-05-11 05:00:28",16.619999,7358.0,7.79,3.6599998
"2024-05-11 06:00:28",16.609999,7457.0,7.7699995,3.0099998
"2024-05-11 07:00:28",16.63,7511.0,7.7799997,2.8199997
"2024-05-11 08:00:28",16.689999,7596.0,7.7699995,2.6599998
"2024-05-11 09:00:28",16.839998,7746.0,7.7699995,2.54
"2024-05-11 10:00:28",17.0,7935.0,7.7799997,2.81
"2024-05-11 11:00:28",17.189999,7999.0,7.7699995,2.6599998
"2024-05-11 12:00:28",17.449999,8102.0,7.79,3.2799997
"2024-05-11 13:00:28",17.66,8124.0,7.8199997,3.8199997
"2024-05-11 14:00:28",17.83,7809.0,7.8999996,5.8899994
"2024-05-11 15:00:28",17.96,7704.0,7.91,5.83
"2024-05-11 16:00:28",17.939999,7703.0,7.83,5.06
"2024-05-11 17:00:28",18.05,7736.0,7.8099995,3.85
"2024-05-11 18:00:28",18.07,7814.0,7.799999,3.7399998
"2024-05-11 19:00:28",18.029999,7878.0,7.7699995,4.6699996
"2024-05-11 20:00:28",18.06,7909.0,7.75,4.33
"2024-05-11 21:00:28",17.97,8016.0,7.7599993,3.6999998
"2024-05-11 22:00:28",17.839998,7898.0,7.8199997,4.08
"2024-05-11 23:00:28",17.72,7453.0,7.83,4.68
"2024-05-12 00:00:28",17.64,7296.0,7.839999,4.7
"2024-05-12 01:00:28",17.539999,7260.0,7.87,5.02
"2024-05-12 02:00:28",17.46,7195.0,7.8599997,4.7
"2024-05-12 03:00:28",17.38,6981.0,7.8899994,4.91
"2024-05-12 04:00:28",17.24,6828.0,7.879999,4.8999996
"2024-05-12 05:00:28",17.109999,6829.0,7.8199997,3.8799996
"2024-05-12 06:00:28",17.019999,6952.0,7.799999,3.1099997
"2024-05-12 07:00:28",16.97,7288.0,7.7799997,2.9099998
"2024-05-12 08:00:28",16.99,7691.0,7.7699995,2.9199996
"2024-05-12 09:00:28",17.07,7955.0,7.7699995,2.7399998
"2024-05-12 10:00:28",17.179998,8170.0,7.7799997,2.7099996
"2024-05-12 11:00:28",17.55,8253.0,7.8099995,2.9599996
"2024-05-12 12:00:28",18.019999,7985.0,7.9399996,5.37
"2024-05-12 13:00:28",18.33,7555.0,7.9799995,6.29
"2024-05-12 14:00:28",18.509998,7397.0,7.9699993,5.95
"2024-05-12 15:00:28",18.529999,7400.0,7.9299994,6.2299995
"2024-05-12 16:00:28",18.529999,7468.0,7.8599997,4.6099997
"2024-05-12 17:00:28",18.48,7748.0,7.839999,4.4399996
"2024-05-12 18:00:28",18.449999,8193.0,7.8099995,4.49
"2024-05-12 19:00:28",18.429998,8483.0,7.7799997,3.87
"2024-05-12 20:00:28",18.39,8692.0,7.7599993,3.6699996
"2024-05-12 21:00:28",18.41,8897.0,7.75,3.6799998
"2024-05-12 22:00:28",18.39,9068.0,7.74,3.6
"2024-05-12 23:00:28",18.16,9156.0,7.7699995,4.2099996
"2024-05-13 00:00:28",17.859999,9136.0,7.7699995,4.2099996
"2024-05-13 01:00:28",17.47,9187.0,7.7799997,4.3599997
"2024-05-13 02:00:28",17.199999,9162.0,7.79,4.8599997
"2024-05-13 03:00:28",17.029999,8892.0,7.87,3.9699998
"2024-05-13 04:00:28",17.019999,8353.0,7.8899994,4.2799997
"2024-05-13 05:00:28",17.06,7872.0,7.879999,4.22
"2024-05-13 06:00:28",17.06,7548.0,7.879999,4.1
"2024-05-13 07:00:28",17.009998,7110.0,7.879999,4.06
"2024-05-13 08:00:28",17.05,6768.0,7.87,4.1299996
"2024-05-13 09:00:28",17.15,6723.0,7.879999,3.87
"2024-05-13 10:00:28",17.22,6759.0,7.87,4.0899997
"2024-05-13 11:00:28",17.419998,6846.0,7.8199997,3.62
"2024-05-13 12:00:28",17.72,7346.0,7.8899994,4.87
"2024-05-13 13:00:28",17.98,7308.0,7.839999,2.4899998
"2024-05-13 14:00:28",18.3,7177.0,7.8099995,2.02
"2024-05-13 15:00:28",18.939999,7174.0,7.83,2.9699998
"2024-05-13 16:00:28",18.49,33.199997,7.8199997,7.339999
"2024-05-13 17:00:28",19.89,6253.0,7.7599993,4.06
"2024-05-13 18:00:28",18.589998,6595.0,7.79,3.2799997
"2024-05-13 19:00:28",18.05,6604.0,7.799999,2.79
"2024-05-13 20:00:28",17.759998,6625.0,7.79,2.58
"2024-05-13 21:00:28",17.82,6849.0,7.7799997,2.6499996
"2024-05-13 22:00:28",17.929998,7261.0,7.75,2.7799997
"2024-05-13 23:00:28",17.96,7551.0,7.7599993,2.9399996
"2024-05-14 00:00:28",17.82,7788.0,7.7699995,2.8899999
"2024-05-14 01:00:28",17.58,7997.0,7.7599993,3.2099996
"2024-05-14 02:00:28",17.279999,8204.0,7.7799997,3.2399998
"2024-05-14 03:00:28",16.96,8296.0,7.799999,3.1999998
"2024-05-14 04:00:28",16.74,8136.0,7.87,4.1099997
"2024-05-14 05:00:28",16.619999,7934.0,7.8899994,4.06
"2024-05-14 06:00:28",16.589998,7702.0,7.8999996,4.3399997
"2024-05-14 07:00:28",16.66,7515.0,7.8999996,4.1099997
"2024-05-14 08:00:28",16.75,7521.0,7.839999,3.7099996
"2024-05-14 09:00:28",16.929998,7641.0,7.79,3.0099998
"2024-05-14 10:00:28",17.119999,7867.0,7.87,4.7599998
"2024-05-14 11:00:28",17.31,7542.0,7.799999,0.8599999
"2024-05-14 12:00:28",17.39,7609.0,7.7799997,0.42999995
"2024-05-14 13:00:28",18.4,7817.0,7.75,0.36999995
"2024-05-14 14:00:28",18.65,7766.0,7.7199993,0.25
"2024-05-14 15:00:28",18.75,7326.0,7.6899996,0.25
"2024-05-14 16:00:28",18.96,7606.0,7.7,0.20999998
"2024-05-14 17:00:28",19.189999,7927.0,7.6899996,0.19
"2024-05-14 18:00:28",19.289999,8061.0,7.7,0.19
"2024-05-14 19:00:28",19.119999,8001.0,7.6799994,0.78999996
"2024-05-14 20:00:28",19.38,6382.0,7.5999994,1.13
"2024-05-14 21:00:28",19.039999,7988.0,7.6499996,1.3399999
"2024-05-14 22:00:28",18.73,8106.0,7.6399994,1.1999999
"2024-05-14 23:00:28",18.429998,8178.0,7.5999994,1.15
"2024-05-15 00:00:28",18.22,8238.0,7.6399994,0.8699999
"2024-05-15 01:00:28",18.099998,8316.0,7.629999,0.77
"2024-05-15 02:00:28",17.859999,8318.0,7.7699995,2.85
"2024-05-15 03:00:28",17.609999,8274.0,7.7699995,3.37
"2024-05-15 04:00:28",17.439999,8269.0,7.8099995,3.33
"2024-05-15 05:00:28",17.369999,8280.0,7.7799997,1.9499998
"2024-05-15 06:00:28",17.33,8292.0,7.7599993,1.8299999
"2024-05-15 07:00:28",17.359999,8292.0,7.79,3.0699997
"2024-05-15 08:00:28",17.429998,8312.0,7.709999,1.8299999
"2024-05-15 10:00:28",17.66,8537.0,7.74,2.29
"2024-05-15 11:00:28",17.839998,8698.0,7.7299995,2.36
"2024-05-15 12:00:28",18.269999,8665.0,7.669999,3.7999997
"2024-05-15 13:00:28",18.75,8442.0,7.87,4.77
"2024-05-15 14:00:28",19.07,8215.0,7.91,5.2199993
"2024-05-15 15:00:28",19.22,8242.0,7.8199997,5.3899994
"2024-05-15 16:00:28",19.259998,8423.0,7.79,4.3799996
"2024-05-15 17:00:28",19.41,8690.0,7.799999,3.6
"2024-05-15 18:00:28",19.31,8958.0,7.7699995,3.2399998
"2024-05-15 19:00:28",19.14,9117.0,7.74,2.6099997
"2024-05-15 20:00:28",19.029999,9191.0,7.6899996,2.07
"2024-05-15 21:00:28",18.99,9261.0,7.669999,1.9399998
"2024-05-15 22:00:28",18.96,9429.0,7.6499996,1.6799998
"2024-05-15 23:00:28",18.859999,9609.0,7.66,1.5999999
"2024-05-16 00:00:28",18.75,9745.0,7.669999,1.4399998
"2024-05-16 01:00:28",18.419998,9413.0,7.7799997,4.06
"2024-05-16 02:00:28",18.119999,8820.0,7.83,4.31
"2024-05-16 03:00:28",17.939999,8488.0,7.839999,4.02
"2024-05-16 04:00:28",17.839998,8330.0,7.8499994,4.29
"2024-05-16 05:00:28",17.779999,8108.0,7.879999,4.1099997
"2024-05-16 06:00:28",17.769999,7913.0,7.879999,4.1499996
"2024-05-16 07:00:28",17.83,7894.0,7.8499994,3.2099996
"2024-05-16 08:00:28",17.859999,7923.0,7.79,2.28
"2024-05-16 09:00:28",17.949999,8012.0,7.74,1.9199998
"2024-05-16 10:00:28",18.029999,8151.0,7.709999,1.9099998
"2024-05-16 11:00:28",18.369999,8419.0,7.74,2.2399998
"2024-05-16 12:00:28",18.89,8544.0,7.7699995,2.35
"2024-05-16 13:00:28",19.289999,8495.0,7.91,5.1099997
"2024-05-16 14:00:28",19.47,8434.0,7.8999996,5.169999
"2024-05-16 15:00:28",19.58,8212.0,7.8999996,5.5599995
"2024-05-16 16:00:28",19.529999,7935.0,7.879999,5.419999
"2024-05-16 17:00:28",19.419998,7890.0,7.83,4.5899997
"2024-05-16 18:00:28",19.279999,7966.0,7.7799997,3.9299998
"2024-05-16 19:00:28",19.16,8077.0,7.7299995,3.56
"2024-05-16 20:00:28",18.97,8227.0,7.709999,3.1799998
"2024-05-16 21:00:28",18.949999,8614.0,7.709999,3.1
"2024-05-16 22:00:28",19.019999,9262.0,7.7,2.8899999
"2024-05-16 23:00:28",19.019999,9836.0,7.709999,2.8199997
"2024-05-17 00:00:28",18.99,10250.0,7.7,2.6099997
"2024-05-17 01:00:28",18.789999,10370.0,7.7599993,2.83
"2024-05-17 02:00:28",18.519999,9859.0,7.839999,3.9499998
"2024-05-17 03:00:28",18.359999,9455.0,7.8499994,4.39
"2024-05-17 04:00:28",18.24,9198.0,7.87,3.6799998
"2024-05-17 05:00:28",18.179998,9036.0,7.879999,3.7299995
"2024-05-17 06:00:28",18.099998,8811.0,7.8899994,4.1099997
"2024-05-17 07:00:28",18.06,8548.0,7.879999,4.06
"2024-05-17 08:00:28",18.05,8423.0,7.8599997,3.6699996
"2024-05-17 09:00:28",18.119999,8503.0,7.79,3.2599998
"2024-05-17 10:00:28",18.21,8718.0,7.75,3.29
"2024-05-17 11:00:28",18.4,8886.0,7.7599993,3.4799995
"2024-05-17 12:00:28",18.689999,8877.0,7.87,4.95
"2024-05-17 13:00:28",18.669998,8457.0,7.8999996,5.33
"2024-05-17 14:00:28",18.63,8206.0,7.87,5.1399994
"2024-05-17 15:00:28",18.57,8044.0,7.8899994,4.5
"2024-05-17 16:00:28",18.5,7972.0,7.8499994,3.8899999
"2024-05-17 17:00:28",18.47,7967.0,7.839999,3.7599998
"2024-05-17 18:00:28",18.39,8040.0,7.7699995,3.4399996
"2024-05-17 19:00:28",18.32,8241.0,7.7199993,3.1
"2024-05-17 20:00:28",18.22,8524.0,7.75,3.37
"2024-05-17 21:00:28",18.119999,9043.0,7.75,3.62
"2024-05-17 22:00:28",18.08,9443.0,7.75,4.2599998
"2024-05-17 23:00:28",17.97,9680.0,7.75,4.0699997
"2024-05-18 00:00:28",17.82,9711.0,7.8199997,4.02
"2024-05-18 01:00:28",17.589998,9503.0,7.8599997,4.4399996
"2024-05-18 02:00:28",17.4,9316.0,7.87,4.29
"2024-05-18 03:00:28",17.259998,9246.0,7.87,4.6499996
"2024-05-18 04:00:28",17.179998,9220.0,7.8499994,4.2099996
"2024-05-18 05:00:28",17.099998,9270.0,7.83,4.0499997
"2024-05-18 06:00:28",17.06,9311.0,7.7699995,2.8899999
"2024-05-18 07:00:28",16.99,9354.0,7.7199993,2.5
"2024-05-18 08:00:28",16.939999,9409.0,7.7,2.6299996
"2024-05-18 09:00:28",17.0,9469.0,7.6899996,2.4199998
"2024-05-18 10:00:28",17.109999,9435.0,7.75,2.53
"2024-05-18 11:00:28",17.46,8713.0,7.83,3.6599998
"2024-05-18 12:00:28",17.83,8111.0,7.839999,4.18
"2024-05-18 13:00:28",18.13,7827.0,7.8599997,4.4799995
"2024-05-18 14:00:28",18.31,7582.0,7.8499994,4.2799997
"2024-05-18 15:00:28",18.25,7504.0,7.799999,3.9599996
"2024-05-18 16:00:28",18.32,7510.0,7.7599993,4.2
"2024-05-18 17:00:28",18.289999,7563.0,7.74,3.62
"2024-05-18 18:00:28",18.24,7633.0,7.7199993,3.52
"2024-05-18 19:00:28",18.22,7772.0,7.7,3.5699997
"2024-05-18 20:00:28",18.39,7965.0,7.6799994,3.3599997
"2024-05-18 21:00:28",18.39,8138.0,7.7,3.3899999
"2024-05-18 22:00:28",18.429998,8268.0,7.7,3.52
"2024-05-18 23:00:28",18.449999,8469.0,7.7199993,3.6099997
"2024-05-19 00:00:28",18.41,8588.0,7.7299995,3.4599996
"2024-05-19 01:00:28",18.269999,8602.0,7.7599993,3.1599998
"2024-05-19 02:00:28",18.21,8599.0,7.79,3.6499996
"2024-05-19 03:00:28",18.179998,8550.0,7.7199993,3.6699996
"2024-05-19 04:00:28",18.21,8750.0,7.75,3.6599998
"2024-05-19 05:00:28",18.22,9024.0,7.74,3.1799998
"2024-05-19 06:00:28",18.21,9200.0,7.6899996,2.9199996
"2024-05-19 07:00:28",18.349998,9350.0,7.7,2.4099998
"2024-05-19 08:00:28",18.49,9202.0,7.7299995,3.1099997
"2024-05-19 09:00:28",18.669998,8967.0,7.74,3.0699997
"2024-05-19 10:00:28",18.849998,8800.0,7.75,3.4799995
"2024-05-19 11:00:28",19.05,8551.0,7.7699995,4.02
"2024-05-19 12:00:28",19.24,8220.0,7.7699995,4.2799997
"2024-05-19 13:00:28",19.419998,8001.0,7.8199997,4.7999997
"2024-05-19 14:00:28",19.57,7794.0,7.83,4.6499996
"2024-05-19 15:00:28",19.859999,7679.0,7.839999,4.85
"2024-05-19 16:00:28",20.119999,7682.0,7.799999,4.62
"2024-05-19 17:00:28",20.15,7741.0,7.7699995,3.4199996
"2024-05-19 18:00:28",20.109999,7839.0,7.7599993,3.54
"2024-05-19 19:00:28",20.07,7924.0,7.75,3.4599996
"2024-05-19 20:00:28",19.849998,8003.0,7.7299995,3.0899997
"2024-05-19 21:00:28",19.779999,8267.0,7.7199993,3.4499998
"2024-05-19 22:00:28",19.789999,8602.0,7.7199993,3.6899996
"2024-05-19 23:00:28",19.73,8976.0,7.7199993,3.77
"2024-05-20 00:00:28",19.66,9555.0,7.7299995,4.0899997
"2024-05-20 01:00:28",19.529999,9988.0,7.75,4.25
"2024-05-20 02:00:28",19.369999,10170.0,7.7699995,4.7
"2024-05-20 03:00:28",19.369999,9761.0,7.8099995,5.16
"2024-05-20 04:00:28",19.199999,8729.0,7.7699995,4.47
"2024-05-20 05:00:28",19.099998,8576.0,7.75,4.1099997
"2024-05-20 06:00:28",19.089998,8833.0,7.7599993,3.9899998
"2024-05-20 07:00:28",19.14,9097.0,7.79,4.24
"2024-05-20 08:00:28",19.0,8076.0,7.79,4.47
"2024-05-20 09:00:28",18.97,7476.0,7.7699995,3.85
"2024-05-20 10:00:28",19.089998,7534.0,7.7299995,3.5
"2024-05-20 11:00:28",19.039999,6766.0,7.6799994,2.58
"2024-05-20 12:00:28",18.98,5940.0,7.62,2.31
"2024-05-20 13:00:28",19.089998,5512.0,7.629999,2.33
"2024-05-20 14:00:28",19.439999,5594.0,7.629999,2.32
"2024-05-20 15:00:28",19.609999,5756.0,7.66,2.52
"2024-05-20 16:00:28",19.769999,6052.0,7.7,2.7099996
"2024-05-20 17:00:28",19.689999,6448.0,7.7,2.6299996
"2024-05-20 18:00:28",19.769999,6817.0,7.6499996,2.4299998
"2024-05-20 19:00:28",19.759998,7183.0,7.6099997,2.11
"2024-05-20 20:00:28",19.779999,7451.0,7.589999,1.6699998
"2024-05-20 21:00:28",19.73,7398.0,7.5699997,1.6299999
"2024-05-20 22:00:28",19.419998,7395.0,7.54,1.6899998
"2024-05-20 23:00:28",19.23,7121.0,7.54,1.6899998
"2024-05-21 00:00:28",19.07,6888.0,7.5299997,1.8499999
"2024-05-21 01:00:28",18.939999,6831.0,7.5199995,1.9399998
"2024-05-21 02:00:28",18.81,6850.0,7.5599995,2.03
"2024-05-21 03:00:28",18.71,6949.0,7.5599995,1.6899998
"2024-05-21 04:00:28",18.66,7075.0,7.5699997,1.54
"2024-05-21 05:00:28",18.679998,7262.0,7.5599995,1.5799999
"2024-05-21 06:00:28",18.679998,6923.0,7.6399994,2.4799998
"2024-05-21 07:00:28",18.71,6350.0,7.6399994,2.09
"2024-05-21 08:00:28",18.789999,6170.0,7.62,2.28
"2024-05-21 09:00:28",18.929998,6285.0,7.5699997,1.4899998
"2024-05-21 10:00:28",19.06,6396.0,7.589999,1.3199999
"2024-05-21 11:00:28",19.359999,6503.0,7.5999994,1.1999999
"2024-05-21 12:00:28",19.8,6688.0,7.5999994,1.51
"2024-05-21 13:00:28",20.279999,6945.0,7.62,1.9799998
"2024-05-21 14:00:28",20.4,7019.0,7.66,2.0
"2024-05-21 15:00:28",20.419998,7024.0,7.669999,2.8399997
"2024-05-21 16:00:28",20.25,7045.0,7.6499996,1.6699998
"2024-05-21 17:00:28",20.31,7188.0,7.6499996,1.6699998
"2024-05-21 18:00:28",20.3,7320.0,7.6399994,1.7099998
"2024-05-21 19:00:28",20.22,7432.0,7.6099997,1.9499998
"2024-05-21 20:00:28",20.22,7500.0,7.5999994,2.2199998
"2024-05-21 21:00:28",20.099998,7698.0,7.6399994,2.06
"2024-05-21 22:00:28",20.23,8204.0,7.6399994,2.9699998
"2024-05-21 23:00:28",20.269999,8413.0,7.6399994,2.4099998
"2024-05-22 00:00:28",20.22,8642.0,7.6399994,2.2299998
"2024-05-22 01:00:28",20.099998,8761.0,7.6399994,2.03
"2024-05-22 02:00:28",20.07,8767.0,7.7199993,2.26
"2024-05-22 03:00:28",20.029999,8493.0,7.75,2.6899996
"2024-05-22 04:00:28",19.99,8204.0,7.74,2.56
"2024-05-22 05:00:28",19.96,8025.0,7.74,2.1599998
"2024-05-22 06:00:28",19.9,8018.0,7.6899996,1.28
"2024-05-22 07:00:28",19.83,8054.0,7.6799994,1.4299998
"2024-05-22 08:00:28",19.89,8134.0,7.6399994,1.27
"2024-05-22 09:00:28",20.019999,8322.0,7.629999,1.3299999
"2024-05-22 10:00:28",20.109999,8708.0,7.62,1.13
"2024-05-22 11:00:28",20.23,9066.0,7.629999,1.51
"2024-05-22 12:00:28",20.419998,9106.0,7.62,1.2299999
"2024-05-22 13:00:28",20.649998,9084.0,7.709999,2.1
"2024-05-22 14:00:28",20.689999,9078.0,7.7199993,4.6899996
"2024-05-22 15:00:28",20.719997,8759.0,7.7199993,3.4799995
"2024-05-22 16:00:28",20.75,8521.0,7.74,3.1999998
"2024-05-22 17:00:28",20.679996,8470.0,7.7299995,3.6299996
"2024-05-22 18:00:28",20.629997,8502.0,7.7299995,3.1899996
"2024-05-22 19:00:28",20.579998,8721.0,7.709999,3.8799996
"2024-05-22 20:00:28",20.529999,8880.0,7.7299995,4.08
"2024-05-22 21:00:28",20.529999,9882.0,7.7599993,5.8599997
"2024-05-22 22:00:28",20.41,9849.0,7.799999,5.4299994
"2024-05-22 23:00:28",20.23,9120.0,7.7799997,5.1099997
"2024-05-23 00:00:28",19.99,8403.0,7.799999,5.1499996
"2024-05-23 01:00:28",19.75,8154.0,7.79,4.8199997
"2024-05-23 02:00:28",19.64,8206.0,7.8099995,4.74
"2024-05-23 03:00:21",19.5,7934.0,7.75,4.4399996
"2024-05-23 04:00:28",19.339998,7842.0,7.7299995,4.2099996
"2024-05-23 05:00:28",19.189999,7980.0,7.6799994,3.8899999
"2024-05-23 06:00:28",19.14,7952.0,7.6799994,4.29
"2024-05-23 07:00:28",19.08,7778.0,7.669999,3.9199996
"2024-05-23 08:00:28",19.07,7661.0,7.669999,4.22
"2024-05-23 09:00:28",18.97,7434.0,7.6399994,1.9799998
"2024-05-23 10:00:28",19.169998,7521.0,7.66,2.32
"2024-05-23 11:00:28",19.41,7423.0,7.7299995,4.49
"2024-05-23 12:00:27",19.57,7194.0,7.74,5.0699997
"2024-05-23 13:00:27",19.65,6945.0,7.7299995,5.3099995
"2024-05-23 14:00:27",19.529999,7231.0,7.7299995,3.37
"2024-05-23 15:00:26",19.779999,7771.0,7.74,2.9099998
"2024-05-23 16:00:25",19.759998,8242.0,7.7,4.1299996
"2024-05-23 17:00:28",19.779999,8676.0,7.669999,4.14
"2024-05-23 18:00:26",19.91,8975.0,7.6499996,3.4199996
"2024-05-23 19:00:25",19.97,9213.0,7.6399994,2.05
"2024-05-23 20:00:25",20.019999,9412.0,7.669999,2.79
"2024-05-23 21:00:26",20.05,9489.0,7.669999,2.9599996
"2024-05-23 22:00:27",20.029999,9354.0,7.6499996,4.08
"2024-05-23 23:00:27",19.849998,8957.0,7.6899996,4.43
"2024-05-24 00:00:26",19.679998,7989.0,7.669999,4.33
"2024-05-24 01:00:24",19.589998,7195.0,7.669999,3.9099998
"2024-05-24 02:00:24",19.519999,6698.0,7.6499996,3.6399999
"2024-05-24 03:00:28",19.48,6408.0,7.6399994,3.58
"2024-05-24 04:00:27",19.47,6244.0,7.6499996,3.3199997
"2024-05-24 05:00:28",19.49,6102.0,7.66,3.2299995
"2024-05-24 06:00:25",19.519999,5999.0,7.669999,2.7399998
"2024-05-24 07:00:25",19.56,5949.0,7.6799994,2.77
"2024-05-24 08:00:28",19.64,6363.0,7.66,1.76
"2024-05-24 09:00:26",19.759998,6663.0,7.66,2.1899998
"2024-05-24 10:00:23",20.0,6889.0,7.6799994,2.2299998
"2024-05-24 11:00:25",20.199999,7155.0,7.6899996,1.9199998
"2024-05-24 12:00:26",20.419998,7404.0,7.7,2.2199998
"2024-05-24 13:00:25",20.789997,7547.0,7.709999,2.3999999
"2024-05-24 14:00:25",20.8,7593.0,7.7299995,2.7099996
"2024-05-24 15:00:23",20.64,7552.0,7.7199993,3.5
"2024-05-24 16:00:23",20.47,7530.0,7.709999,3.3599997
"2024-05-24 17:00:26",20.419998,7574.0,7.7,3.5
"2024-05-24 18:00:26",20.5,7795.0,7.6899996,3.6899996
"2024-05-24 19:00:24",20.57,8135.0,7.669999,4.22
"2024-05-24 20:00:24",20.599998,8647.0,7.66,4.3199997
"2024-05-24 21:00:22",20.599998,9234.0,7.66,4.3199997
"2024-05-24 22:00:24",20.589996,9539.0,7.66,4.16
"2024-05-24 23:00:28",20.519997,9545.0,7.669999,3.9499998
"2024-05-25 00:00:24",20.46,9468.0,7.6499996,4.0499997
"2024-05-25 01:00:24",20.32,9077.0,7.74,3.9199996
"2024-05-25 02:00:22",20.169998,8581.0,7.709999,3.8999996
"2024-05-25 03:00:28",20.119999,8418.0,7.669999,3.3599997
"2024-05-25 04:00:23",20.019999,8368.0,7.669999,2.75
"2024-05-25 05:00:23",19.859999,8243.0,7.6799994,3.3899999
"2024-05-25 06:00:27",19.759998,8407.0,7.589999,3.29
"2024-05-25 07:00:25",19.81,8761.0,7.6399994,3.2799997
"2024-05-25 08:00:25",19.859999,8728.0,7.5599995,2.8799996
"2024-05-25 09:00:22",19.949999,8541.0,7.669999,3.0299997
"2024-05-25 10:00:28",20.119999,8338.0,7.7,3.52
"2024-05-25 11:00:12",20.439999,7891.0,7.7599993,4.0099998
"2024-05-25 12:00:21",20.739998,7684.0,7.7299995,4.0899997
"2024-05-25 13:00:21",20.969997,7569.0,7.7299995,4.35
"2024-05-25 14:00:23",21.099998,7580.0,7.7299995,4.66
"2024-05-25 15:00:22",20.839996,7699.0,7.6099997,4.8799996
"2024-05-25 16:00:23",20.8,8093.0,7.7599993,5.08
"2024-05-25 17:00:21",20.91,8482.0,7.7,4.99
"2024-05-25 18:00:22",20.919998,8652.0,7.669999,4.54
"2024-05-25 19:00:21",20.949997,8793.0,7.62,4.2299995
"2024-05-25 20:00:20",20.96,9036.0,7.549999,3.29
"2024-05-25 21:00:22",20.919998,9376.0,7.5199995,2.7099996
"2024-05-25 22:00:24",20.719997,8889.0,7.6099997,2.6499996
"2024-05-25 23:00:22",20.439999,7802.0,7.58,2.31
"2024-05-26 00:00:21",20.3,7381.0,7.549999,1.81
"2024-05-26 01:00:21",20.259998,7606.0,7.4799995,1.8699999
"2024-05-26 02:00:28",20.279999,7917.0,7.5,2.05
"2024-05-26 03:00:21",20.289999,8007.0,7.49,2.1899998
"2024-05-26 04:00:22",20.39,7891.0,7.6399994,2.6099997
"2024-05-26 05:00:24",20.4,7636.0,7.6499996,2.62
"2024-05-26 06:00:24",20.31,7552.0,7.6399994,2.7299995
"2024-05-26 07:00:21",20.3,7601.0,7.5999994,2.31
"2024-05-26 08:00:22",20.359999,7659.0,7.58,1.9399998
"2024-05-26 09:00:22",20.489998,7613.0,7.629999,1.9699998
"2024-05-26 10:00:19",20.589996,7442.0,7.6099997,1.8299999
"2024-05-26 11:00:20",21.009998,7169.0,7.66,2.6599998
"2024-05-26 12:00:20",21.41,6835.0,7.6499996,3.52
"2024-05-26 13:00:19",21.899998,6719.0,7.66,4.25
"2024-05-26 14:00:20",21.579998,6886.0,7.629999,5.06
"2024-05-26 15:00:20",21.239998,7570.0,7.6499996,4.79
"2024-05-26 16:00:23",21.399998,8395.0,7.669999,5.7599993
"2024-05-26 17:00:19",21.719997,8338.0,7.58,3.5299997
"2024-05-26 18:00:20",21.71,8226.0,7.5599995,3.7599998
"2024-05-26 19:00:23",21.269997,8127.0,7.5999994,3.8599997
"2024-05-26 20:00:22",21.109997,7761.0,7.589999,3.1599998
"2024-05-26 21:00:21",21.07,7580.0,7.5599995,2.77
"2024-05-26 22:00:18",21.0,7677.0,7.54,3.1799998
"2024-05-26 23:00:27",20.929996,7847.0,7.5,3.25
"2024-05-27 00:00:21",20.8,7976.0,7.549999,3.3799996
"2024-05-27 01:00:21",20.609997,8154.0,7.549999,3.5099998
"2024-05-27 02:00:18",20.439999,8340.0,7.6099997,3.6599998
"2024-05-27 03:00:20",20.4,8353.0,7.54,3.1499996
"2024-05-27 04:00:19",20.4,8317.0,7.549999,3.1399999
"2024-05-27 05:00:19",20.339998,8291.0,7.6399994,3.06
"2024-05-27 06:00:18",20.289999,8184.0,7.6499996,2.9899998
"2024-05-27 07:00:18",20.289999,8104.0,7.6399994,2.75
"2024-05-27 08:00:22",20.32,8146.0,7.589999,2.85
"2024-05-27 09:00:19",20.41,8251.0,7.589999,2.56
"2024-05-27 10:00:22",20.509998,8232.0,7.5299997,1.9599998
"2024-05-27 11:00:21",20.869999,8347.0,7.5299997,3.08
"2024-05-27 12:00:24",21.449997,8096.0,7.669999,3.6399999
"2024-05-27 13:00:19",21.829998,7499.0,7.7199993,4.06
"2024-05-27 14:00:18",22.079998,7178.0,7.7299995,4.04
"2024-05-27 15:00:19",22.21,7061.0,7.7299995,3.9199996
"2024-05-27 16:00:20",22.16,6992.0,7.74,4.0499997
"2024-05-27 17:00:16",22.009998,7010.0,7.6799994,3.9299998
"2024-05-27 18:00:17",21.949997,7308.0,7.58,3.6799998
"2024-05-27 19:00:17",21.939999,7721.0,7.629999,3.5299997
"2024-05-27 20:00:16",22.029999,8313.0,7.66,3.6099997
"2024-05-27 21:00:17",22.029999,8656.0,7.6399994,3.5299997
"2024-05-27 22:00:19",22.009998,8957.0,7.6499996,3.5699997
"2024-05-27 23:00:18",21.829998,9208.0,7.589999,3.0499997
"2024-05-28 00:00:21",21.599998,9361.0,7.589999,2.8199997
"2024-05-28 01:00:17",21.399998,9360.0,7.5,2.4299998
"2024-05-28 02:00:17",21.129997,9071.0,7.6399994,2.2399998
"2024-05-28 03:00:16",20.939999,8696.0,7.6499996,2.05
"2024-05-28 04:00:16",20.849998,8357.0,7.66,2.6099997
"2024-05-28 05:00:16",20.8,8030.0,7.7,2.7799997
"2024-05-28 06:00:17",20.779999,7764.0,7.6799994,2.3899999
"2024-05-28 07:00:16",20.809998,7566.0,7.7,2.7599998
"2024-05-28 08:00:16",20.859997,7583.0,7.6499996,2.31
"2024-05-28 09:00:16",20.939999,7748.0,7.6399994,2.05
"2024-05-28 10:00:23",21.07,7999.0,7.669999,2.37
"2024-05-28 11:00:16",21.179996,8243.0,7.6499996,2.9699998
"2024-05-28 12:00:16",21.0,8267.0,7.6399994,2.5699997
"2024-05-28 13:00:17",21.189999,8178.0,7.669999,2.9199996
"2024-05-28 14:00:15",21.71,8061.0,7.7299995,3.6799998
"2024-05-28 15:00:17",21.82,7884.0,7.7599993,3.7399998
"2024-05-28 16:00:26",21.849998,7726.0,7.79,3.9799995
"2024-05-28 17:00:14",21.66,7619.0,7.75,3.52
"2024-05-28 18:00:16",21.57,7611.0,7.709999,3.7099996
"2024-05-28 19:00:15",21.48,7708.0,7.6399994,3.7999997
"2024-05-28 20:00:14",21.399998,7883.0,7.669999,3.4799995
"2024-05-28 21:00:14",21.199997,8168.0,7.669999,3.2399998
"2024-05-28 22:00:16",21.199997,8618.0,7.669999,3.1499996
"2024-05-28 23:00:22",21.16,8751.0,7.6399994,3.2099996
"2024-05-29 00:00:15",21.029999,8889.0,7.629999,3.3899999
"2024-05-29 01:00:17",20.89,8963.0,7.629999,3.25
"2024-05-29 02:00:15",20.699997,8892.0,7.669999,3.1399999
"2024-05-29 03:00:18",20.48,8809.0,7.709999,3.1
"2024-05-29 04:00:15",20.4,8791.0,7.6499996,3.0
"2024-05-29 05:00:14",20.359999,8711.0,7.7,2.9199996
"2024-05-29 06:00:16",20.359999,8731.0,7.6399994,2.1899998
"2024-05-29 07:00:16",20.39,8854.0,7.629999,1.8999999
"2024-05-29 08:00:15",20.369999,8961.0,7.6499996,1.81
"2024-05-29 09:00:15",20.33,9350.0,7.66,1.7199998
"2024-05-29 10:00:19",20.32,9598.0,7.6799994,2.09
"2024-05-29 11:00:13",20.3,9732.0,7.6799994,2.56
"2024-05-29 12:00:14",20.349998,9776.0,7.66,2.85
"2024-05-29 13:00:12",20.47,9827.0,7.669999,3.0699997
"2024-05-29 14:00:13",20.64,9822.0,7.6799994,3.04
"2024-05-29 15:00:13",20.829998,9658.0,7.66,3.2799997
"2024-05-29 16:00:12",21.019997,9393.0,7.7199993,3.3799996
"2024-05-29 17:00:20",21.0,9146.0,7.7199993,3.0499997
"2024-05-29 18:00:13",20.929996,9155.0,7.709999,3.27
"2024-05-29 19:00:13",20.82,9343.0,7.66,3.0699997
"2024-05-29 20:00:13",20.769997,9550.0,7.5999994,2.79
"2024-05-29 21:00:15",20.739998,9817.0,7.6499996,2.6799998
"2024-05-29 22:00:20",20.769997,10180.0,7.6799994,2.6899996
"2024-05-29 23:00:11",20.789997,10380.0,7.6799994,2.83
"2024-05-30 00:00:20",20.71,10320.0,7.669999,2.8799996
"2024-05-30 01:00:12",20.529999,10180.0,7.6899996,3.0899997
"2024-05-30 02:00:11",20.32,9862.0,7.7,3.0099998
"2024-05-30 03:00:11",20.099998,9545.0,7.7199993,3.3899999
"2024-05-30 04:00:11",19.96,9376.0,7.7199993,3.2599998
"2024-05-30 05:00:14",19.869999,9205.0,7.7199993,3.2099996
"2024-05-30 06:00:12",19.839998,9036.0,7.7299995,3.1599998
"2024-05-30 07:00:11",19.89,9028.0,7.709999,2.83
"2024-05-30 08:00:13",19.96,9082.0,7.7299995,2.4699998
"2024-05-30 09:00:10",20.019999,9343.0,7.74,2.33
"2024-05-30 10:00:11",20.169998,9674.0,7.7299995,2.4199998
"2024-05-30 11:00:10",20.48,9898.0,7.74,2.7799997
"2024-05-30 12:00:10",20.809998,9998.0,7.74,2.7799997
"2024-05-30 13:00:11",21.21,10050.0,7.75,3.4499998
"2024-05-30 14:00:10",21.339996,9939.0,7.74,3.3199997
"2024-05-30 15:00:11",21.259998,9807.0,7.709999,3.06
"2024-05-30 16:00:09",21.279999,9650.0,7.6799994,2.6699996
"2024-05-30 17:00:09",21.379997,9477.0,7.6799994,2.6599998
"2024-05-30 18:00:09",21.399998,9367.0,7.669999,2.56
"2024-05-30 19:00:10",21.359997,9366.0,7.6799994,2.83
"2024-05-30 20:00:09",21.349998,9399.0,7.6799994,2.9399996
"2024-05-30 21:00:11",21.349998,9446.0,7.66,2.33
"2024-05-30 22:00:09",21.309998,9511.0,7.6899996,2.28
"2024-05-30 23:00:10",21.329998,9761.0,7.6799994,2.07
"2024-05-31 00:00:09",21.32,10010.0,7.709999,2.4499998
"2024-05-31 01:00:24",21.189999,10140.0,7.709999,2.54
"2024-05-31 02:00:10",21.079998,10180.0,7.7199993,2.83
"2024-05-31 03:00:09",20.949997,10110.0,7.75,3.02
"2024-05-31 04:00:09",20.839996,9959.0,7.7599993,3.0899997
"2024-05-31 05:00:09",20.759998,9764.0,7.799999,3.27
"2024-05-31 06:00:08",20.73,9579.0,7.7699995,3.1399999
"2024-05-31 07:00:08",20.75,9452.0,7.7799997,2.9299998
"2024-05-31 08:00:08",20.839996,9331.0,7.79,2.6999998
"2024-05-31 09:00:08",20.939999,9269.0,7.7599993,2.6999998
"2024-05-31 10:00:20",21.019997,9459.0,7.7799997,2.9399996
"2024-05-31 11:00:28",21.289997,9731.0,7.799999,3.37
"2024-05-31 12:00:28",21.599998,10180.0,7.79,3.6899996
"2024-05-31 13:00:28",21.8,10510.0,7.799999,4.1
"2024-05-31 14:00:28",21.849998,10640.0,7.79,3.8399997
"2024-05-31 15:00:28",21.91,10620.0,7.799999,3.5099998
"2024-05-31 16:00:28",22.05,10510.0,7.83,4.0
"2024-05-31 17:00:28",22.029999,10170.0,7.8199997,4.37
"2024-05-31 18:00:28",21.789997,9841.0,7.79,4.8599997
"2024-05-31 19:00:28",21.649998,9821.0,7.7599993,4.4799995
"2024-05-31 20:00:28",21.719997,10290.0,7.7699995,5.2599993
"2024-05-31 21:00:28",21.359997,10940.0,7.799999,5.1899996
"2024-05-31 22:00:28",21.259998,10770.0,7.8499994,4.7099996
"2024-05-31 23:00:28",21.309998,9908.0,7.8599997,4.68
"2024-06-01 00:00:28",21.199997,7571.0,7.79,3.54
"2024-06-01 01:00:28",20.96,6303.0,7.7199993,2.9899998
"2024-06-01 02:00:28",20.47,5501.0,7.6499996,2.34
"2024-06-01 03:00:28",20.33,5644.0,7.629999,2.1
"2024-06-01 04:00:28",20.14,5338.0,7.5699997,1.5799999
"2024-06-01 05:00:28",20.019999,5393.0,7.549999,1.31
"2024-06-01 06:00:28",20.05,5809.0,7.549999,1.4699998
"2024-06-01 07:00:28",20.029999,6324.0,7.549999,1.6699998
"2024-06-01 08:00:28",20.06,6865.0,7.549999,1.5999999
"2024-06-01 09:00:28",20.07,7264.0,7.5299997,1.3399999
"2024-06-01 10:00:28",20.109999,7773.0,7.54,0.64
"2024-06-01 11:00:28",20.22,8185.0,7.5699997,0.91999996
"2024-06-01 12:00:28",20.449999,8048.0,7.6099997,1.3699999
"2024-06-01 13:00:28",21.029999,7417.0,7.6499996,2.81
"2024-06-01 14:00:28",21.07,7099.0,7.6499996,2.5899997
"2024-06-01 15:00:28",21.32,7015.0,7.66,2.75
"2024-06-01 16:00:28",21.309998,7150.0,7.62,2.4099998
"2024-06-01 17:00:28",21.149998,7529.0,7.6799994,3.0
"2024-06-01 18:00:28",20.939999,7980.0,7.6799994,2.53
"2024-06-01 19:00:28",21.07,8607.0,7.6799994,2.9599996
"2024-06-01 20:00:28",21.179996,9323.0,7.7,4.52
"2024-06-01 21:00:28",21.199997,9909.0,7.7299995,4.2099996
"2024-06-01 22:00:28",20.89,10200.0,7.7599993,4.3199997
"2024-06-01 23:00:28",20.48,8585.0,7.74,4.25
"2024-06-02 00:00:28",20.439999,8664.0,7.75,4.1299996
"2024-06-02 01:00:28",20.419998,8666.0,7.74,3.75
"2024-06-02 02:00:28",20.449999,8373.0,7.7299995,3.6599998
"2024-06-02 03:00:28",20.279999,7371.0,7.75,3.9799995
"2024-06-02 04:00:28",20.019999,6107.0,7.74,4.0299997
"2024-06-02 05:00:28",19.71,5422.0,7.7,3.81
"2024-06-02 06:00:28",19.509998,5234.0,7.6499996,3.2599998
"2024-06-02 07:00:28",19.5,5570.0,7.6399994,2.9199996
"2024-06-02 08:00:28",19.46,5597.0,7.6399994,2.6299996
"2024-06-02 09:00:28",19.369999,5349.0,7.6399994,2.4899998
"2024-06-02 10:00:28",19.339998,5223.0,7.6399994,2.1599998
"2024-06-02 11:00:28",19.38,5387.0,7.6499996,1.9099998
"2024-06-02 12:00:28",19.41,5518.0,7.62,1.9099998
"2024-06-02 13:00:28",19.5,5313.0,7.62,2.6
"2024-06-02 14:00:28",19.71,5249.0,7.6099997,2.7599998
"2024-06-02 15:00:28",19.73,5404.0,7.6499996,2.4599998
"2024-06-02 16:00:28",19.949999,5738.0,7.6799994,2.7199998
"2024-06-02 17:00:28",19.949999,6049.0,7.7199993,3.5299997
"2024-06-02 18:00:28",19.939999,6326.0,7.709999,3.56
"2024-06-02 19:00:28",19.97,6432.0,7.6899996,3.3199997
"2024-06-02 20:00:28",19.919998,6605.0,7.6799994,3.7299995
"2024-06-02 21:00:28",19.83,6639.0,7.6799994,4.33
"2024-06-02 22:00:28",19.669998,6508.0,7.7199993,3.7799997
"2024-06-02 23:00:28",19.47,6537.0,7.7299995,4.41
"2024-06-03 00:00:28",19.369999,6695.0,7.7699995,4.5699997
"2024-06-03 01:00:28",19.25,6291.0,7.8099995,4.64
"2024-06-03 02:00:28",19.119999,5808.0,7.8099995,4.02
"2024-06-03 03:00:28",19.05,5861.0,7.8099995,4.18
"2024-06-03 04:00:28",19.0,6322.0,7.8199997,4.29
"2024-06-03 05:00:28",19.029999,7120.0,7.799999,4.2799997
"2024-06-03 06:00:28",19.039999,7236.0,7.7799997,4.14
"2024-06-03 07:00:28",19.009998,6922.0,7.79,4.22
"2024-06-03 08:00:28",18.939999,6703.0,7.7799997,3.6399999
"2024-06-03 09:00:28",18.99,6703.0,7.79,3.6
"2024-06-03 10:00:28",19.099998,6604.0,7.8099995,3.8199997
"2024-06-03 11:00:28",19.15,6355.0,7.7799997,4.1899996
"2024-06-03 12:00:28",19.32,6143.0,7.7599993,3.9299998
"2024-06-03 13:00:28",19.56,5956.0,7.7299995,3.9899998
"2024-06-03 14:00:28",19.64,5955.0,7.7199993,3.52
"2024-06-03 15:00:28",19.859999,6311.0,7.709999,3.6499996
"2024-06-03 16:00:28",19.83,6515.0,7.669999,2.6799998
"2024-06-03 17:00:28",19.91,6592.0,7.6399994,2.36
"2024-06-03 18:00:28",19.98,11370.0,7.4399996,4.1
"2024-06-03 19:00:28",19.83,12330.0,7.4299994,3.9499998
"2024-06-03 20:00:28",19.789999,13330.0,7.459999,4.2099996
"2024-06-03 21:00:28",19.72,14090.0,7.4699993,4.1499996
"2024-06-03 22:00:28",19.679998,13860.0,7.4799995,4.0099998
"2024-06-03 23:00:28",19.519999,13080.0,7.4699993,3.8899999
"2024-06-04 00:00:28",19.419998,12440.0,7.459999,4.0299997
"2024-06-04 01:00:28",19.31,11510.0,7.45,3.8199997
"2024-06-04 02:00:28",19.25,10680.0,7.45,3.6399999
"2024-06-04 03:00:28",19.25,10150.0,7.459999,3.62
"2024-06-04 04:00:28",19.31,9675.0,7.49,3.6899996
"2024-06-04 05:00:28",19.38,9714.0,7.5,3.7099996
"2024-06-04 06:00:28",19.47,9971.0,7.5199995,3.7599998
"2024-06-04 07:00:28",19.519999,10270.0,7.5199995,3.8199997
"2024-06-04 08:00:28",19.589998,11670.0,7.5199995,3.9799995
"2024-06-04 09:00:28",19.55,13110.0,7.5099993,3.6399999
"2024-06-04 10:00:28",19.56,14310.0,7.54,4.1499996
"2024-06-04 11:00:28",19.47,14470.0,7.5599995,4.6899996
"2024-06-04 12:00:28",19.47,13940.0,7.589999,5.2199993
"2024-06-04 13:00:28",19.64,13110.0,7.5999994,5.3499994
"2024-06-04 14:00:28",19.769999,12890.0,7.589999,5.0299997
"2024-06-04 15:00:28",19.869999,13180.0,7.5999994,5.299999
"2024-06-04 16:00:28",19.73,14770.0,7.5699997,5.419999
"2024-06-04 17:00:28",19.66,16490.0,7.54,5.3199997
"2024-06-04 18:00:28",19.599998,16690.0,7.549999,5.3099995
"2024-06-04 19:00:28",19.47,16070.0,7.5699997,5.299999
"2024-06-04 20:00:28",19.31,15160.0,7.589999,5.41
"2024-06-04 21:00:28",19.25,14730.0,7.5999994,5.4699993
"2024-06-04 22:00:28",19.169998,14090.0,7.6099997,5.5999994
"2024-06-04 23:00:28",19.039999,13770.0,7.62,5.6799994
"2024-06-05 00:00:28",18.89,13080.0,7.6099997,5.7
"2024-06-05 01:00:28",18.8,11740.0,7.58,5.5699997
"2024-06-05 02:00:28",18.73,10890.0,7.549999,5.299999
"2024-06-05 03:00:28",18.64,11040.0,7.5099993,5.06
